crash_year,borough,time_band,weekend,crashes,known_injury_outcomes,injury_crashes,known_injury_counts,total_injuries
2013,BRONX,Evening,FALSE,4190,4190,1008,4190,1335
2013,BRONX,Evening,TRUE,1264,1264,295,1264,438
2013,BRONX,Midday,FALSE,4947,4947,1025,4947,1430
2013,BRONX,Midday,TRUE,1678,1678,346,1678,483
2013,BRONX,Morning,FALSE,2877,2877,617,2877,846
2013,BRONX,Morning,TRUE,521,521,91,521,131
2013,BRONX,Night,FALSE,1877,1877,497,1877,649
2013,BRONX,Night,TRUE,805,805,218,805,326
2013,BRONX,Overnight,FALSE,802,802,197,802,304
2013,BRONX,Overnight,TRUE,807,807,212,807,317
2013,BROOKLYN,Evening,FALSE,9643,9643,2422,9643,3237
2013,BROOKLYN,Evening,TRUE,2859,2859,704,2859,1018
2013,BROOKLYN,Midday,FALSE,13051,13051,2658,13051,3484
2013,BROOKLYN,Midday,TRUE,4065,4065,853,4065,1243
2013,BROOKLYN,Morning,FALSE,6170,6170,1428,6170,1932
2013,BROOKLYN,Morning,TRUE,1171,1171,286,1171,441
2013,BROOKLYN,Night,FALSE,4570,4570,1343,4570,1801
2013,BROOKLYN,Night,TRUE,1889,1889,524,1889,783
2013,BROOKLYN,Overnight,FALSE,1843,1843,508,1843,735
2013,BROOKLYN,Overnight,TRUE,1763,1763,487,1763,739
2013,MANHATTAN,Evening,FALSE,7926,7926,1238,7926,1443
2013,MANHATTAN,Evening,TRUE,2520,2520,335,2520,416
2013,MANHATTAN,Midday,FALSE,12022,12022,1553,12022,1819
2013,MANHATTAN,Midday,TRUE,3400,3400,433,3400,544
2013,MANHATTAN,Morning,FALSE,4778,4778,696,4778,820
2013,MANHATTAN,Morning,TRUE,928,928,136,928,186
2013,MANHATTAN,Night,FALSE,4274,4274,800,4274,953
2013,MANHATTAN,Night,TRUE,1678,1678,274,1678,342
2013,MANHATTAN,Overnight,FALSE,2065,2065,372,2065,511
2013,MANHATTAN,Overnight,TRUE,1991,1991,393,1991,551
2013,Not recorded,Evening,FALSE,9867,9867,1650,9867,2321
2013,Not recorded,Evening,TRUE,3116,3116,559,3116,917
2013,Not recorded,Midday,FALSE,12002,12002,1984,12002,2774
2013,Not recorded,Midday,TRUE,3968,3968,713,3968,1163
2013,Not recorded,Morning,FALSE,6760,6760,1131,6760,1569
2013,Not recorded,Morning,TRUE,1229,1229,253,1229,379
2013,Not recorded,Night,FALSE,4479,4479,948,4479,1397
2013,Not recorded,Night,TRUE,1945,1945,434,1945,713
2013,Not recorded,Overnight,FALSE,2433,2433,620,2433,928
2013,Not recorded,Overnight,TRUE,1962,1962,539,1962,911
2013,QUEENS,Evening,FALSE,8140,8140,1700,8140,2226
2013,QUEENS,Evening,TRUE,2626,2626,546,2626,805
2013,QUEENS,Midday,FALSE,10021,10021,1722,10021,2285
2013,QUEENS,Midday,TRUE,3621,3621,620,3621,932
2013,QUEENS,Morning,FALSE,5535,5535,1078,5535,1462
2013,QUEENS,Morning,TRUE,1080,1080,199,1080,268
2013,QUEENS,Night,FALSE,3805,3805,905,3805,1259
2013,QUEENS,Night,TRUE,1493,1493,331,1493,461
2013,QUEENS,Overnight,FALSE,1531,1531,332,1531,467
2013,QUEENS,Overnight,TRUE,1460,1460,342,1460,523
2013,STATEN ISLAND,Evening,FALSE,1887,1887,354,1887,475
2013,STATEN ISLAND,Evening,TRUE,497,497,100,497,154
2013,STATEN ISLAND,Midday,FALSE,2257,2257,370,2257,494
2013,STATEN ISLAND,Midday,TRUE,779,779,118,779,176
2013,STATEN ISLAND,Morning,FALSE,1101,1101,201,1101,280
2013,STATEN ISLAND,Morning,TRUE,199,199,30,199,35
2013,STATEN ISLAND,Night,FALSE,762,762,161,762,254
2013,STATEN ISLAND,Night,TRUE,254,254,53,254,80
2013,STATEN ISLAND,Overnight,FALSE,288,288,66,288,86
2013,STATEN ISLAND,Overnight,TRUE,271,271,54,271,77
2014,BRONX,Evening,FALSE,4005,4005,919,4005,1216
2014,BRONX,Evening,TRUE,1353,1353,327,1353,483
2014,BRONX,Midday,FALSE,4905,4905,912,4905,1215
2014,BRONX,Midday,TRUE,1637,1637,314,1637,466
2014,BRONX,Morning,FALSE,2927,2927,572,2927,811
2014,BRONX,Morning,TRUE,503,503,88,503,128
2014,BRONX,Night,FALSE,1967,1967,508,1967,719
2014,BRONX,Night,TRUE,832,832,229,832,341
2014,BRONX,Overnight,FALSE,803,803,165,803,253
2014,BRONX,Overnight,TRUE,756,756,178,756,254
2014,BROOKLYN,Evening,FALSE,9623,9623,2109,9623,2778
2014,BROOKLYN,Evening,TRUE,2913,2913,704,2913,1074
2014,BROOKLYN,Midday,FALSE,13280,13280,2379,13280,3089
2014,BROOKLYN,Midday,TRUE,4078,4078,815,4078,1212
2014,BROOKLYN,Morning,FALSE,6499,6499,1350,6499,1784
2014,BROOKLYN,Morning,TRUE,1170,1170,246,1170,358
2014,BROOKLYN,Night,FALSE,4698,4698,1325,4698,1802
2014,BROOKLYN,Night,TRUE,1918,1918,533,1918,782
2014,BROOKLYN,Overnight,FALSE,1899,1899,476,1899,694
2014,BROOKLYN,Overnight,TRUE,1683,1683,450,1683,674
2014,MANHATTAN,Evening,FALSE,7969,7969,1111,7969,1275
2014,MANHATTAN,Evening,TRUE,2463,2463,338,2463,389
2014,MANHATTAN,Midday,FALSE,11972,11972,1361,11972,1593
2014,MANHATTAN,Midday,TRUE,3249,3249,415,3249,493
2014,MANHATTAN,Morning,FALSE,4944,4944,655,4944,741
2014,MANHATTAN,Morning,TRUE,821,821,136,821,173
2014,MANHATTAN,Night,FALSE,4284,4284,778,4284,934
2014,MANHATTAN,Night,TRUE,1747,1747,284,1747,356
2014,MANHATTAN,Overnight,FALSE,2023,2023,368,2023,501
2014,MANHATTAN,Overnight,TRUE,1798,1798,338,1798,454
2014,Not recorded,Evening,FALSE,10156,10156,1602,10156,2255
2014,Not recorded,Evening,TRUE,3186,3186,553,3186,864
2014,Not recorded,Midday,FALSE,12544,12544,1934,12544,2724
2014,Not recorded,Midday,TRUE,4175,4175,689,4175,1081
2014,Not recorded,Morning,FALSE,7089,7089,1120,7089,1515
2014,Not recorded,Morning,TRUE,1183,1183,235,1183,321
2014,Not recorded,Night,FALSE,4742,4742,940,4742,1406
2014,Not recorded,Night,TRUE,1982,1982,420,1982,690
2014,Not recorded,Overnight,FALSE,2598,2598,568,2598,851
2014,Not recorded,Overnight,TRUE,2035,2035,534,2035,871
2014,QUEENS,Evening,FALSE,8338,8338,1602,8338,2091
2014,QUEENS,Evening,TRUE,2641,2641,475,2641,695
2014,QUEENS,Midday,FALSE,10637,10637,1661,10637,2183
2014,QUEENS,Midday,TRUE,3812,3812,554,3812,796
2014,QUEENS,Morning,FALSE,5921,5921,1027,5921,1405
2014,QUEENS,Morning,TRUE,1061,1061,183,1061,250
2014,QUEENS,Night,FALSE,4005,4005,855,4005,1138
2014,QUEENS,Night,TRUE,1581,1581,358,1581,545
2014,QUEENS,Overnight,FALSE,1614,1614,343,1614,474
2014,QUEENS,Overnight,TRUE,1413,1413,312,1413,456
2014,STATEN ISLAND,Evening,FALSE,1500,1500,262,1500,349
2014,STATEN ISLAND,Evening,TRUE,380,380,70,380,90
2014,STATEN ISLAND,Midday,FALSE,1852,1852,314,1852,423
2014,STATEN ISLAND,Midday,TRUE,612,612,89,612,131
2014,STATEN ISLAND,Morning,FALSE,924,924,163,924,213
2014,STATEN ISLAND,Morning,TRUE,149,149,17,149,23
2014,STATEN ISLAND,Night,FALSE,603,603,118,603,158
2014,STATEN ISLAND,Night,TRUE,194,194,42,194,63
2014,STATEN ISLAND,Overnight,FALSE,216,216,47,216,70
2014,STATEN ISLAND,Overnight,TRUE,184,184,37,184,57
2015,BRONX,Evening,FALSE,4373,4373,939,4373,1219
2015,BRONX,Evening,TRUE,1453,1453,288,1453,408
2015,BRONX,Midday,FALSE,5410,5410,925,5410,1194
2015,BRONX,Midday,TRUE,1733,1733,290,1733,422
2015,BRONX,Morning,FALSE,2993,2993,517,2993,716
2015,BRONX,Morning,TRUE,587,587,98,587,141
2015,BRONX,Night,FALSE,2054,2054,480,2054,706
2015,BRONX,Night,TRUE,932,932,220,932,319
2015,BRONX,Overnight,FALSE,916,916,174,916,232
2015,BRONX,Overnight,TRUE,807,807,182,807,269
2015,BROOKLYN,Evening,FALSE,10340,10340,2168,10340,2839
2015,BROOKLYN,Evening,TRUE,3099,3099,699,3099,964
2015,BROOKLYN,Midday,FALSE,14509,14509,2486,14509,3206
2015,BROOKLYN,Midday,TRUE,4249,4249,740,4249,1060
2015,BROOKLYN,Morning,FALSE,6647,6647,1212,6647,1544
2015,BROOKLYN,Morning,TRUE,1230,1230,224,1230,309
2015,BROOKLYN,Night,FALSE,4737,4737,1198,4737,1657
2015,BROOKLYN,Night,TRUE,2032,2032,486,2032,653
2015,BROOKLYN,Overnight,FALSE,2143,2143,530,2143,810
2015,BROOKLYN,Overnight,TRUE,1865,1865,426,1865,668
2015,MANHATTAN,Evening,FALSE,8292,8292,1088,8292,1249
2015,MANHATTAN,Evening,TRUE,2571,2571,322,2571,395
2015,MANHATTAN,Midday,FALSE,12305,12305,1399,12305,1596
2015,MANHATTAN,Midday,TRUE,3170,3170,349,3170,420
2015,MANHATTAN,Morning,FALSE,4874,4874,604,4874,703
2015,MANHATTAN,Morning,TRUE,841,841,120,841,143
2015,MANHATTAN,Night,FALSE,4646,4646,748,4646,868
2015,MANHATTAN,Night,TRUE,1812,1812,288,1812,344
2015,MANHATTAN,Overnight,FALSE,2039,2039,325,2039,388
2015,MANHATTAN,Overnight,TRUE,1978,1978,309,1978,426
2015,Not recorded,Evening,FALSE,11254,11254,1762,11254,2480
2015,Not recorded,Evening,TRUE,3424,3424,597,3424,944
2015,Not recorded,Midday,FALSE,13477,13477,2017,13477,2794
2015,Not recorded,Midday,TRUE,4439,4439,746,4439,1207
2015,Not recorded,Morning,FALSE,7837,7837,1190,7837,1647
2015,Not recorded,Morning,TRUE,1325,1325,292,1325,448
2015,Not recorded,Night,FALSE,5304,5304,997,5304,1466
2015,Not recorded,Night,TRUE,2183,2183,474,2183,766
2015,Not recorded,Overnight,FALSE,2871,2871,661,2871,990
2015,Not recorded,Overnight,TRUE,2120,2120,495,2120,784
2015,QUEENS,Evening,FALSE,8674,8674,1632,8674,2153
2015,QUEENS,Evening,TRUE,2658,2658,492,2658,695
2015,QUEENS,Midday,FALSE,11173,11173,1752,11173,2345
2015,QUEENS,Midday,TRUE,3865,3865,617,3865,844
2015,QUEENS,Morning,FALSE,6133,6133,1111,6133,1455
2015,QUEENS,Morning,TRUE,1173,1173,184,1173,257
2015,QUEENS,Night,FALSE,3995,3995,856,3995,1159
2015,QUEENS,Night,TRUE,1659,1659,376,1659,531
2015,QUEENS,Overnight,FALSE,1712,1712,376,1712,506
2015,QUEENS,Overnight,TRUE,1451,1451,322,1451,482
2015,STATEN ISLAND,Evening,FALSE,1393,1393,274,1393,396
2015,STATEN ISLAND,Evening,TRUE,389,389,59,389,88
2015,STATEN ISLAND,Midday,FALSE,1710,1710,264,1710,361
2015,STATEN ISLAND,Midday,TRUE,623,623,94,623,132
2015,STATEN ISLAND,Morning,FALSE,909,909,140,909,221
2015,STATEN ISLAND,Morning,TRUE,166,166,36,166,47
2015,STATEN ISLAND,Night,FALSE,540,540,105,540,152
2015,STATEN ISLAND,Night,TRUE,221,221,38,221,49
2015,STATEN ISLAND,Overnight,FALSE,208,208,46,208,61
2015,STATEN ISLAND,Overnight,TRUE,185,185,29,185,41
2016,BRONX,Evening,FALSE,4283,4283,908,4283,1248
2016,BRONX,Evening,TRUE,1403,1403,290,1403,414
2016,BRONX,Midday,FALSE,5545,5545,992,5545,1328
2016,BRONX,Midday,TRUE,1777,1777,331,1777,501
2016,BRONX,Morning,FALSE,3196,3196,518,3196,733
2016,BRONX,Morning,TRUE,582,582,105,582,138
2016,BRONX,Night,FALSE,1921,1921,463,1921,674
2016,BRONX,Night,TRUE,901,901,218,901,354
2016,BRONX,Overnight,FALSE,1137,1137,244,1137,325
2016,BRONX,Overnight,TRUE,915,915,218,915,335
2016,BROOKLYN,Evening,FALSE,9666,9666,2032,9666,2649
2016,BROOKLYN,Evening,TRUE,2842,2842,653,2842,871
2016,BROOKLYN,Midday,FALSE,12970,12970,2338,12970,3087
2016,BROOKLYN,Midday,TRUE,3997,3997,755,3997,1066
2016,BROOKLYN,Morning,FALSE,6441,6441,1219,6441,1581
2016,BROOKLYN,Morning,TRUE,1142,1142,228,1142,323
2016,BROOKLYN,Night,FALSE,4398,4398,1147,4398,1575
2016,BROOKLYN,Night,TRUE,1852,1851,473,1851,719
2016,BROOKLYN,Overnight,FALSE,2308,2308,550,2308,792
2016,BROOKLYN,Overnight,TRUE,1848,1848,501,1848,789
2016,MANHATTAN,Evening,FALSE,6742,6742,1022,6742,1202
2016,MANHATTAN,Evening,TRUE,2040,2040,308,2040,378
2016,MANHATTAN,Midday,FALSE,10460,10460,1285,10460,1455
2016,MANHATTAN,Midday,TRUE,2664,2664,371,2664,456
2016,MANHATTAN,Morning,FALSE,4148,4148,539,4148,627
2016,MANHATTAN,Morning,TRUE,706,706,99,706,118
2016,MANHATTAN,Night,FALSE,3802,3802,632,3802,750
2016,MANHATTAN,Night,TRUE,1516,1516,272,1516,346
2016,MANHATTAN,Overnight,FALSE,2180,2180,381,2180,464
2016,MANHATTAN,Overnight,TRUE,1819,1819,319,1819,440
2016,Not recorded,Evening,FALSE,15655,15655,2974,15655,4079
2016,Not recorded,Evening,TRUE,4509,4509,925,4509,1424
2016,Not recorded,Midday,FALSE,19330,19330,3460,19330,4744
2016,Not recorded,Midday,TRUE,6010,6010,1125,6010,1714
2016,Not recorded,Morning,FALSE,11091,11091,2080,11091,2789
2016,Not recorded,Morning,TRUE,1778,1778,376,1778,553
2016,Not recorded,Night,FALSE,7197,7197,1789,7197,2627
2016,Not recorded,Night,TRUE,3035,3035,749,3035,1244
2016,Not recorded,Overnight,FALSE,4590,4590,1100,4590,1583
2016,Not recorded,Overnight,TRUE,3332,3332,880,3332,1410
2016,QUEENS,Evening,FALSE,8071,8071,1712,8071,2209
2016,QUEENS,Evening,TRUE,2651,2651,527,2651,773
2016,QUEENS,Midday,FALSE,10561,10561,1837,10561,2455
2016,QUEENS,Midday,TRUE,3808,3808,645,3808,922
2016,QUEENS,Morning,FALSE,6016,6016,1163,6016,1530
2016,QUEENS,Morning,TRUE,1130,1130,198,1130,254
2016,QUEENS,Night,FALSE,3746,3746,894,3746,1205
2016,QUEENS,Night,TRUE,1646,1646,386,1646,537
2016,QUEENS,Overnight,FALSE,2099,2099,406,2099,553
2016,QUEENS,Overnight,TRUE,1667,1667,338,1667,490
2016,STATEN ISLAND,Evening,FALSE,1475,1475,242,1475,329
2016,STATEN ISLAND,Evening,TRUE,395,395,59,395,92
2016,STATEN ISLAND,Midday,FALSE,1886,1886,291,1886,391
2016,STATEN ISLAND,Midday,TRUE,621,621,81,621,118
2016,STATEN ISLAND,Morning,FALSE,896,896,165,896,210
2016,STATEN ISLAND,Morning,TRUE,158,158,21,158,31
2016,STATEN ISLAND,Night,FALSE,573,573,83,573,127
2016,STATEN ISLAND,Night,TRUE,236,236,39,236,58
2016,STATEN ISLAND,Overnight,FALSE,286,286,67,286,79
2016,STATEN ISLAND,Overnight,TRUE,183,183,35,183,49
2017,BRONX,Evening,FALSE,4081,4081,805,4081,1101
2017,BRONX,Evening,TRUE,1315,1315,288,1315,425
2017,BRONX,Midday,FALSE,5670,5670,987,5670,1255
2017,BRONX,Midday,TRUE,1820,1820,326,1820,462
2017,BRONX,Morning,FALSE,3187,3187,560,3187,750
2017,BRONX,Morning,TRUE,564,564,103,564,131
2017,BRONX,Night,FALSE,1852,1852,505,1852,776
2017,BRONX,Night,TRUE,849,849,212,849,311
2017,BRONX,Overnight,FALSE,1187,1187,233,1187,322
2017,BRONX,Overnight,TRUE,872,872,194,872,311
2017,BROOKLYN,Evening,FALSE,9039,9039,1919,9039,2451
2017,BROOKLYN,Evening,TRUE,2715,2715,592,2715,812
2017,BROOKLYN,Midday,FALSE,12556,12555,2060,12555,2706
2017,BROOKLYN,Midday,TRUE,4022,4021,759,4021,1019
2017,BROOKLYN,Morning,FALSE,5849,5849,1125,5849,1453
2017,BROOKLYN,Morning,TRUE,1014,1014,195,1014,260
2017,BROOKLYN,Night,FALSE,4056,4056,1040,4056,1489
2017,BROOKLYN,Night,TRUE,1748,1748,443,1748,643
2017,BROOKLYN,Overnight,FALSE,2224,2224,472,2224,671
2017,BROOKLYN,Overnight,TRUE,1692,1692,372,1692,543
2017,MANHATTAN,Evening,FALSE,5754,5753,897,5753,1042
2017,MANHATTAN,Evening,TRUE,1911,1910,260,1910,323
2017,MANHATTAN,Midday,FALSE,9100,9100,1128,9100,1358
2017,MANHATTAN,Midday,TRUE,2367,2367,321,2367,430
2017,MANHATTAN,Morning,FALSE,3741,3741,527,3741,604
2017,MANHATTAN,Morning,TRUE,597,597,88,597,109
2017,MANHATTAN,Night,FALSE,3283,3283,590,3283,722
2017,MANHATTAN,Night,TRUE,1354,1354,229,1354,298
2017,MANHATTAN,Overnight,FALSE,1992,1991,319,1991,402
2017,MANHATTAN,Overnight,TRUE,1675,1675,267,1675,360
2017,Not recorded,Evening,FALSE,17470,17469,3473,17469,4612
2017,Not recorded,Evening,TRUE,5243,5243,1083,5243,1585
2017,Not recorded,Midday,FALSE,21901,21900,3971,21900,5478
2017,Not recorded,Midday,TRUE,7299,7299,1433,7299,2077
2017,Not recorded,Morning,FALSE,12994,12991,2399,12991,3204
2017,Not recorded,Morning,TRUE,2061,2061,482,2061,667
2017,Not recorded,Night,FALSE,8249,8249,2044,8249,3001
2017,Not recorded,Night,TRUE,3519,3519,850,3519,1341
2017,Not recorded,Overnight,FALSE,5246,5246,1273,5246,1782
2017,Not recorded,Overnight,TRUE,4071,4071,1076,4071,1717
2017,QUEENS,Evening,FALSE,7763,7763,1589,7763,2122
2017,QUEENS,Evening,TRUE,2403,2403,446,2403,655
2017,QUEENS,Midday,FALSE,9882,9882,1730,9882,2228
2017,QUEENS,Midday,TRUE,3514,3514,570,3514,789
2017,QUEENS,Morning,FALSE,5650,5650,1107,5650,1485
2017,QUEENS,Morning,TRUE,959,959,176,959,248
2017,QUEENS,Night,FALSE,3418,3417,808,3417,1086
2017,QUEENS,Night,TRUE,1518,1518,335,1518,520
2017,QUEENS,Overnight,FALSE,2030,2030,429,2030,565
2017,QUEENS,Overnight,TRUE,1490,1490,296,1490,405
2017,STATEN ISLAND,Evening,FALSE,1444,1444,281,1444,382
2017,STATEN ISLAND,Evening,TRUE,377,377,57,377,77
2017,STATEN ISLAND,Midday,FALSE,1710,1710,276,1710,408
2017,STATEN ISLAND,Midday,TRUE,598,598,76,598,108
2017,STATEN ISLAND,Morning,FALSE,837,837,157,837,206
2017,STATEN ISLAND,Morning,TRUE,155,155,23,155,36
2017,STATEN ISLAND,Night,FALSE,527,527,128,527,171
2017,STATEN ISLAND,Night,TRUE,201,201,37,201,62
2017,STATEN ISLAND,Overnight,FALSE,211,211,40,211,50
2017,STATEN ISLAND,Overnight,TRUE,181,181,39,181,50
2018,BRONX,Evening,FALSE,4662,4662,984,4662,1322
2018,BRONX,Evening,TRUE,1383,1383,305,1383,419
2018,BRONX,Midday,FALSE,6044,6043,1104,6043,1477
2018,BRONX,Midday,TRUE,1879,1879,338,1879,493
2018,BRONX,Morning,FALSE,3632,3632,637,3632,840
2018,BRONX,Morning,TRUE,561,561,90,561,111
2018,BRONX,Night,FALSE,1929,1929,470,1929,651
2018,BRONX,Night,TRUE,810,810,218,810,319
2018,BRONX,Overnight,FALSE,1269,1269,278,1269,386
2018,BRONX,Overnight,TRUE,891,891,185,891,271
2018,BROOKLYN,Evening,FALSE,9709,9709,2096,9709,2692
2018,BROOKLYN,Evening,TRUE,2875,2875,676,2875,918
2018,BROOKLYN,Midday,FALSE,13229,13228,2294,13228,2989
2018,BROOKLYN,Midday,TRUE,3987,3987,751,3987,1044
2018,BROOKLYN,Morning,FALSE,6347,6347,1237,6347,1644
2018,BROOKLYN,Morning,TRUE,1066,1066,201,1066,262
2018,BROOKLYN,Night,FALSE,4257,4257,1144,4257,1596
2018,BROOKLYN,Night,TRUE,1873,1873,484,1873,694
2018,BROOKLYN,Overnight,FALSE,2300,2300,529,2300,742
2018,BROOKLYN,Overnight,TRUE,1670,1670,413,1670,617
2018,MANHATTAN,Evening,FALSE,5646,5646,846,5646,974
2018,MANHATTAN,Evening,TRUE,1773,1773,275,1773,328
2018,MANHATTAN,Midday,FALSE,9186,9186,1106,9186,1246
2018,MANHATTAN,Midday,TRUE,2328,2328,318,2328,374
2018,MANHATTAN,Morning,FALSE,3868,3868,566,3868,625
2018,MANHATTAN,Morning,TRUE,658,658,111,658,143
2018,MANHATTAN,Night,FALSE,3171,3171,588,3171,701
2018,MANHATTAN,Night,TRUE,1323,1323,224,1323,273
2018,MANHATTAN,Overnight,FALSE,1911,1911,341,1911,455
2018,MANHATTAN,Overnight,TRUE,1548,1548,236,1548,316
2018,Not recorded,Evening,FALSE,16221,16221,3395,16221,4609
2018,Not recorded,Evening,TRUE,4927,4927,1127,4927,1656
2018,Not recorded,Midday,FALSE,20860,20860,3859,20860,5246
2018,Not recorded,Midday,TRUE,6653,6653,1354,6653,2066
2018,Not recorded,Morning,FALSE,12262,12261,2331,12261,3070
2018,Not recorded,Morning,TRUE,1938,1938,436,1938,642
2018,Not recorded,Night,FALSE,7722,7722,1969,7722,2943
2018,Not recorded,Night,TRUE,3261,3261,850,3261,1304
2018,Not recorded,Overnight,FALSE,4796,4796,1187,4796,1702
2018,Not recorded,Overnight,TRUE,3690,3690,1029,3690,1622
2018,QUEENS,Evening,FALSE,8539,8538,1723,8538,2271
2018,QUEENS,Evening,TRUE,2575,2575,514,2575,712
2018,QUEENS,Midday,FALSE,10519,10519,1868,10519,2427
2018,QUEENS,Midday,TRUE,3764,3764,645,3764,924
2018,QUEENS,Morning,FALSE,5951,5951,1084,5951,1457
2018,QUEENS,Morning,TRUE,1067,1066,188,1066,243
2018,QUEENS,Night,FALSE,3674,3674,854,3674,1180
2018,QUEENS,Night,TRUE,1587,1587,387,1587,564
2018,QUEENS,Overnight,FALSE,2070,2070,428,2070,573
2018,QUEENS,Overnight,TRUE,1532,1532,327,1532,467
2018,STATEN ISLAND,Evening,FALSE,1412,1412,232,1412,318
2018,STATEN ISLAND,Evening,TRUE,367,367,55,367,73
2018,STATEN ISLAND,Midday,FALSE,1804,1804,270,1804,369
2018,STATEN ISLAND,Midday,TRUE,594,594,88,594,115
2018,STATEN ISLAND,Morning,FALSE,783,783,131,783,164
2018,STATEN ISLAND,Morning,TRUE,127,127,16,127,16
2018,STATEN ISLAND,Night,FALSE,506,506,92,506,119
2018,STATEN ISLAND,Night,TRUE,205,205,49,205,74
2018,STATEN ISLAND,Overnight,FALSE,213,213,34,213,49
2018,STATEN ISLAND,Overnight,TRUE,160,160,33,160,43
2019,BRONX,Evening,FALSE,4335,4335,993,4335,1330
2019,BRONX,Evening,TRUE,1317,1317,287,1317,419
2019,BRONX,Midday,FALSE,5945,5945,1169,5945,1543
2019,BRONX,Midday,TRUE,1897,1897,371,1897,524
2019,BRONX,Morning,FALSE,3463,3463,664,3463,837
2019,BRONX,Morning,TRUE,578,578,88,578,116
2019,BRONX,Night,FALSE,1910,1910,508,1910,764
2019,BRONX,Night,TRUE,856,856,220,856,313
2019,BRONX,Overnight,FALSE,1228,1228,283,1228,402
2019,BRONX,Overnight,TRUE,908,908,198,908,281
2019,BROOKLYN,Evening,FALSE,8718,8718,2063,8718,2644
2019,BROOKLYN,Evening,TRUE,2530,2530,638,2530,860
2019,BROOKLYN,Midday,FALSE,12414,12414,2281,12414,2896
2019,BROOKLYN,Midday,TRUE,3860,3860,782,3860,1092
2019,BROOKLYN,Morning,FALSE,6040,6040,1182,6040,1522
2019,BROOKLYN,Morning,TRUE,988,988,191,988,252
2019,BROOKLYN,Night,FALSE,4085,4085,1193,4085,1581
2019,BROOKLYN,Night,TRUE,1756,1756,487,1756,707
2019,BROOKLYN,Overnight,FALSE,2255,2255,532,2255,730
2019,BROOKLYN,Overnight,TRUE,1833,1833,475,1833,724
2019,MANHATTAN,Evening,FALSE,4708,4708,838,4708,974
2019,MANHATTAN,Evening,TRUE,1536,1536,252,1536,287
2019,MANHATTAN,Midday,FALSE,7683,7683,1072,7683,1251
2019,MANHATTAN,Midday,TRUE,1967,1967,309,1967,364
2019,MANHATTAN,Morning,FALSE,3478,3478,480,3478,569
2019,MANHATTAN,Morning,TRUE,531,531,94,531,113
2019,MANHATTAN,Night,FALSE,2664,2664,542,2664,634
2019,MANHATTAN,Night,TRUE,1182,1182,258,1182,326
2019,MANHATTAN,Overnight,FALSE,1579,1579,327,1579,416
2019,MANHATTAN,Overnight,TRUE,1265,1265,238,1265,308
2019,Not recorded,Evening,FALSE,13970,13970,3153,13970,4225
2019,Not recorded,Evening,TRUE,4246,4246,1029,4246,1533
2019,Not recorded,Midday,FALSE,18786,18786,3722,18786,5011
2019,Not recorded,Midday,TRUE,6027,6027,1328,6027,1991
2019,Not recorded,Morning,FALSE,11392,11392,2274,11392,3068
2019,Not recorded,Morning,TRUE,1742,1742,407,1742,601
2019,Not recorded,Night,FALSE,7011,7011,1941,7011,2929
2019,Not recorded,Night,TRUE,3095,3095,855,3095,1361
2019,Not recorded,Overnight,FALSE,4661,4661,1254,4661,1845
2019,Not recorded,Overnight,TRUE,3532,3532,996,3532,1550
2019,QUEENS,Evening,FALSE,7918,7918,1739,7918,2293
2019,QUEENS,Evening,TRUE,2368,2368,509,2368,691
2019,QUEENS,Midday,FALSE,10343,10343,1892,10343,2487
2019,QUEENS,Midday,TRUE,3628,3628,654,3628,891
2019,QUEENS,Morning,FALSE,5716,5716,1098,5716,1428
2019,QUEENS,Morning,TRUE,1074,1074,190,1074,270
2019,QUEENS,Night,FALSE,3635,3635,943,3635,1313
2019,QUEENS,Night,TRUE,1576,1576,425,1576,599
2019,QUEENS,Overnight,FALSE,2006,2006,454,2006,618
2019,QUEENS,Overnight,TRUE,1601,1601,354,1601,505
2019,STATEN ISLAND,Evening,FALSE,792,792,209,792,277
2019,STATEN ISLAND,Evening,TRUE,230,230,71,230,109
2019,STATEN ISLAND,Midday,FALSE,970,970,282,970,383
2019,STATEN ISLAND,Midday,TRUE,321,321,87,321,117
2019,STATEN ISLAND,Morning,FALSE,465,465,141,465,202
2019,STATEN ISLAND,Morning,TRUE,92,92,24,92,29
2019,STATEN ISLAND,Night,FALSE,324,324,86,324,120
2019,STATEN ISLAND,Night,TRUE,145,145,42,145,65
2019,STATEN ISLAND,Overnight,FALSE,166,166,50,166,65
2019,STATEN ISLAND,Overnight,TRUE,145,145,31,145,36
2020,BRONX,Evening,FALSE,2705,2705,856,2705,1105
2020,BRONX,Evening,TRUE,923,923,299,923,425
2020,BRONX,Midday,FALSE,3596,3596,943,3596,1175
2020,BRONX,Midday,TRUE,1213,1213,307,1213,431
2020,BRONX,Morning,FALSE,1742,1742,399,1742,470
2020,BRONX,Morning,TRUE,405,405,82,405,111
2020,BRONX,Night,FALSE,1454,1454,477,1454,660
2020,BRONX,Night,TRUE,629,629,202,629,275
2020,BRONX,Overnight,FALSE,977,977,244,977,347
2020,BRONX,Overnight,TRUE,662,662,163,662,220
2020,BROOKLYN,Evening,FALSE,4994,4994,1639,4994,2021
2020,BROOKLYN,Evening,TRUE,1561,1561,531,1561,701
2020,BROOKLYN,Midday,FALSE,6750,6750,1740,6750,2191
2020,BROOKLYN,Midday,TRUE,2086,2086,566,2086,749
2020,BROOKLYN,Morning,FALSE,2883,2883,681,2883,837
2020,BROOKLYN,Morning,TRUE,631,631,139,631,182
2020,BROOKLYN,Night,FALSE,2586,2586,918,2586,1254
2020,BROOKLYN,Night,TRUE,1139,1139,405,1139,594
2020,BROOKLYN,Overnight,FALSE,1707,1707,489,1707,718
2020,BROOKLYN,Overnight,TRUE,1135,1135,306,1135,452
2020,MANHATTAN,Evening,FALSE,1921,1921,581,1921,673
2020,MANHATTAN,Evening,TRUE,600,600,180,600,213
2020,MANHATTAN,Midday,FALSE,3143,3143,739,3143,861
2020,MANHATTAN,Midday,TRUE,780,780,208,780,249
2020,MANHATTAN,Morning,FALSE,1453,1453,312,1453,359
2020,MANHATTAN,Morning,TRUE,247,247,63,247,75
2020,MANHATTAN,Night,FALSE,1082,1082,411,1082,518
2020,MANHATTAN,Night,TRUE,462,462,152,462,196
2020,MANHATTAN,Overnight,FALSE,715,715,202,715,255
2020,MANHATTAN,Overnight,TRUE,452,452,130,452,177
2020,Not recorded,Evening,FALSE,7056,7056,2320,7056,3106
2020,Not recorded,Evening,TRUE,2319,2319,823,2319,1246
2020,Not recorded,Midday,FALSE,9446,9446,2814,9446,3830
2020,Not recorded,Midday,TRUE,3181,3181,960,3181,1420
2020,Not recorded,Morning,FALSE,5041,5041,1380,5041,1818
2020,Not recorded,Morning,TRUE,938,938,287,938,408
2020,Not recorded,Night,FALSE,4097,4097,1500,4097,2244
2020,Not recorded,Night,TRUE,1847,1847,702,1847,1127
2020,Not recorded,Overnight,FALSE,3156,3156,1023,3156,1495
2020,Not recorded,Overnight,TRUE,2148,2148,752,2148,1222
2020,QUEENS,Evening,FALSE,3883,3883,1227,3883,1586
2020,QUEENS,Evening,TRUE,1288,1288,392,1288,526
2020,QUEENS,Midday,FALSE,5202,5202,1257,5202,1586
2020,QUEENS,Midday,TRUE,1850,1850,470,1850,628
2020,QUEENS,Morning,FALSE,2447,2447,604,2447,725
2020,QUEENS,Morning,TRUE,596,596,128,596,177
2020,QUEENS,Night,FALSE,2051,2051,642,2051,868
2020,QUEENS,Night,TRUE,944,944,285,944,405
2020,QUEENS,Overnight,FALSE,1384,1384,330,1384,423
2020,QUEENS,Overnight,TRUE,1022,1022,249,1022,345
2020,STATEN ISLAND,Evening,FALSE,506,506,155,506,203
2020,STATEN ISLAND,Evening,TRUE,180,180,48,180,69
2020,STATEN ISLAND,Midday,FALSE,566,566,156,566,216
2020,STATEN ISLAND,Midday,TRUE,204,204,49,204,71
2020,STATEN ISLAND,Morning,FALSE,240,240,66,240,85
2020,STATEN ISLAND,Morning,TRUE,57,57,17,57,19
2020,STATEN ISLAND,Night,FALSE,267,267,103,267,131
2020,STATEN ISLAND,Night,TRUE,120,120,33,120,73
2020,STATEN ISLAND,Overnight,FALSE,159,159,40,159,51
2020,STATEN ISLAND,Overnight,TRUE,89,89,12,89,17
2021,BRONX,Evening,FALSE,2486,2486,907,2486,1154
2021,BRONX,Evening,TRUE,809,809,297,809,413
2021,BRONX,Midday,FALSE,3173,3173,1001,3173,1253
2021,BRONX,Midday,TRUE,994,994,315,994,424
2021,BRONX,Morning,FALSE,1630,1630,461,1630,599
2021,BRONX,Morning,TRUE,375,375,94,375,131
2021,BRONX,Night,FALSE,1386,1386,511,1386,700
2021,BRONX,Night,TRUE,635,635,227,635,329
2021,BRONX,Overnight,FALSE,1116,1116,320,1116,449
2021,BRONX,Overnight,TRUE,785,785,212,785,305
2021,BROOKLYN,Evening,FALSE,4682,4682,1829,4682,2346
2021,BROOKLYN,Evening,TRUE,1436,1436,538,1436,713
2021,BROOKLYN,Midday,FALSE,6370,6370,2011,6370,2522
2021,BROOKLYN,Midday,TRUE,1989,1989,661,1989,905
2021,BROOKLYN,Morning,FALSE,2891,2891,872,2891,1134
2021,BROOKLYN,Morning,TRUE,654,654,169,654,230
2021,BROOKLYN,Night,FALSE,2718,2718,1168,2718,1634
2021,BROOKLYN,Night,TRUE,1224,1224,497,1224,692
2021,BROOKLYN,Overnight,FALSE,1832,1832,583,1832,815
2021,BROOKLYN,Overnight,TRUE,1377,1377,443,1377,685
2021,MANHATTAN,Evening,FALSE,2053,2053,760,2053,849
2021,MANHATTAN,Evening,TRUE,677,677,271,677,329
2021,MANHATTAN,Midday,FALSE,2975,2975,962,2975,1067
2021,MANHATTAN,Midday,TRUE,857,857,264,857,326
2021,MANHATTAN,Morning,FALSE,1361,1361,393,1361,448
2021,MANHATTAN,Morning,TRUE,263,263,90,263,111
2021,MANHATTAN,Night,FALSE,1232,1232,499,1232,613
2021,MANHATTAN,Night,TRUE,548,548,204,548,254
2021,MANHATTAN,Overnight,FALSE,791,791,270,791,353
2021,MANHATTAN,Overnight,TRUE,675,675,209,675,282
2021,Not recorded,Evening,FALSE,6556,6556,2515,6556,3353
2021,Not recorded,Evening,TRUE,2094,2094,811,2094,1157
2021,Not recorded,Midday,FALSE,8781,8780,3199,8780,4237
2021,Not recorded,Midday,TRUE,2816,2816,1078,2816,1548
2021,Not recorded,Morning,FALSE,4703,4703,1546,4703,2035
2021,Not recorded,Morning,TRUE,1104,1104,389,1104,540
2021,Not recorded,Night,FALSE,4297,4297,1756,4297,2643
2021,Not recorded,Night,TRUE,1888,1888,784,1888,1246
2021,Not recorded,Overnight,FALSE,3580,3580,1282,3580,1895
2021,Not recorded,Overnight,TRUE,2515,2515,939,2515,1519
2021,QUEENS,Evening,FALSE,3427,3427,1280,3427,1628
2021,QUEENS,Evening,TRUE,1162,1162,402,1162,558
2021,QUEENS,Midday,FALSE,4581,4581,1489,4581,1883
2021,QUEENS,Midday,TRUE,1627,1627,551,1627,740
2021,QUEENS,Morning,FALSE,2421,2421,729,2421,918
2021,QUEENS,Morning,TRUE,575,575,136,575,167
2021,QUEENS,Night,FALSE,2098,2098,774,2098,1045
2021,QUEENS,Night,TRUE,1014,1014,377,1014,541
2021,QUEENS,Overnight,FALSE,1524,1524,406,1524,534
2021,QUEENS,Overnight,TRUE,1135,1135,309,1135,438
2021,STATEN ISLAND,Evening,FALSE,541,541,159,541,215
2021,STATEN ISLAND,Evening,TRUE,163,163,53,163,71
2021,STATEN ISLAND,Midday,FALSE,682,682,214,682,275
2021,STATEN ISLAND,Midday,TRUE,247,247,86,247,141
2021,STATEN ISLAND,Morning,FALSE,250,250,70,250,88
2021,STATEN ISLAND,Morning,TRUE,73,73,22,73,24
2021,STATEN ISLAND,Night,FALSE,285,285,83,285,127
2021,STATEN ISLAND,Night,TRUE,130,130,42,130,57
2021,STATEN ISLAND,Overnight,FALSE,172,172,39,172,52
2021,STATEN ISLAND,Overnight,TRUE,122,122,32,122,45
2022,BRONX,Evening,FALSE,2215,2215,894,2215,1170
2022,BRONX,Evening,TRUE,732,732,300,732,390
2022,BRONX,Midday,FALSE,2791,2791,978,2791,1288
2022,BRONX,Midday,TRUE,935,935,330,935,450
2022,BRONX,Morning,FALSE,1691,1691,514,1691,664
2022,BRONX,Morning,TRUE,390,390,98,390,130
2022,BRONX,Night,FALSE,1214,1214,498,1214,739
2022,BRONX,Night,TRUE,556,556,215,556,281
2022,BRONX,Overnight,FALSE,985,985,303,985,380
2022,BRONX,Overnight,TRUE,776,776,248,776,335
2022,BROOKLYN,Evening,FALSE,4266,4266,1853,4266,2314
2022,BROOKLYN,Evening,TRUE,1371,1371,575,1371,773
2022,BROOKLYN,Midday,FALSE,5765,5765,2096,5765,2593
2022,BROOKLYN,Midday,TRUE,1703,1703,609,1703,787
2022,BROOKLYN,Morning,FALSE,3051,3051,1083,3051,1312
2022,BROOKLYN,Morning,TRUE,648,648,164,648,223
2022,BROOKLYN,Night,FALSE,2378,2378,1046,2378,1427
2022,BROOKLYN,Night,TRUE,1103,1103,469,1103,699
2022,BROOKLYN,Overnight,FALSE,1738,1738,586,1738,790
2022,BROOKLYN,Overnight,TRUE,1346,1346,419,1346,594
2022,MANHATTAN,Evening,FALSE,2092,2092,850,2092,982
2022,MANHATTAN,Evening,TRUE,671,671,268,671,319
2022,MANHATTAN,Midday,FALSE,3044,3044,1053,3044,1201
2022,MANHATTAN,Midday,TRUE,893,893,310,893,351
2022,MANHATTAN,Morning,FALSE,1410,1410,445,1410,511
2022,MANHATTAN,Morning,TRUE,314,314,94,314,121
2022,MANHATTAN,Night,FALSE,1343,1343,539,1343,637
2022,MANHATTAN,Night,TRUE,527,527,213,527,265
2022,MANHATTAN,Overnight,FALSE,931,931,310,931,407
2022,MANHATTAN,Overnight,TRUE,763,763,253,763,338
2022,Not recorded,Evening,FALSE,5800,5800,2418,5800,3175
2022,Not recorded,Evening,TRUE,1884,1884,780,1884,1115
2022,Not recorded,Midday,FALSE,7769,7769,3080,7769,4162
2022,Not recorded,Midday,TRUE,2471,2471,962,2471,1416
2022,Not recorded,Morning,FALSE,4765,4765,1747,4765,2381
2022,Not recorded,Morning,TRUE,1058,1058,369,1058,533
2022,Not recorded,Night,FALSE,3626,3626,1641,3626,2377
2022,Not recorded,Night,TRUE,1779,1779,781,1779,1169
2022,Not recorded,Overnight,FALSE,3326,3326,1232,3326,1854
2022,Not recorded,Overnight,TRUE,2622,2622,989,2622,1536
2022,QUEENS,Evening,FALSE,3170,3170,1321,3170,1661
2022,QUEENS,Evening,TRUE,1078,1078,411,1078,539
2022,QUEENS,Midday,FALSE,3995,3995,1533,3995,1913
2022,QUEENS,Midday,TRUE,1474,1474,523,1474,657
2022,QUEENS,Morning,FALSE,2448,2448,875,2448,1092
2022,QUEENS,Morning,TRUE,654,654,162,654,215
2022,QUEENS,Night,FALSE,1882,1882,722,1882,937
2022,QUEENS,Night,TRUE,870,870,300,870,432
2022,QUEENS,Overnight,FALSE,1509,1509,414,1509,571
2022,QUEENS,Overnight,TRUE,1347,1347,340,1347,500
2022,STATEN ISLAND,Evening,FALSE,503,503,182,503,218
2022,STATEN ISLAND,Evening,TRUE,149,149,56,149,89
2022,STATEN ISLAND,Midday,FALSE,694,694,249,694,337
2022,STATEN ISLAND,Midday,TRUE,247,247,76,247,101
2022,STATEN ISLAND,Morning,FALSE,349,349,133,349,178
2022,STATEN ISLAND,Morning,TRUE,88,88,20,88,24
2022,STATEN ISLAND,Night,FALSE,271,271,93,271,131
2022,STATEN ISLAND,Night,TRUE,112,112,27,112,43
2022,STATEN ISLAND,Overnight,FALSE,162,162,47,162,55
2022,STATEN ISLAND,Overnight,TRUE,143,143,37,143,51
2023,BRONX,Evening,FALSE,1816,1816,834,1816,1109
2023,BRONX,Evening,TRUE,662,662,300,662,397
2023,BRONX,Midday,FALSE,2305,2305,945,2305,1250
2023,BRONX,Midday,TRUE,792,792,291,792,431
2023,BRONX,Morning,FALSE,1482,1482,545,1482,722
2023,BRONX,Morning,TRUE,356,356,95,356,128
2023,BRONX,Night,FALSE,1132,1132,493,1132,787
2023,BRONX,Night,TRUE,533,533,215,533,300
2023,BRONX,Overnight,FALSE,855,855,321,855,428
2023,BRONX,Overnight,TRUE,574,574,172,574,259
2023,BROOKLYN,Evening,FALSE,4177,4177,2012,4177,2475
2023,BROOKLYN,Evening,TRUE,1350,1350,606,1350,812
2023,BROOKLYN,Midday,FALSE,5660,5660,2229,5660,2789
2023,BROOKLYN,Midday,TRUE,1728,1728,725,1728,1002
2023,BROOKLYN,Morning,FALSE,3123,3123,1207,3123,1504
2023,BROOKLYN,Morning,TRUE,636,636,182,636,224
2023,BROOKLYN,Night,FALSE,2305,2305,1079,2305,1467
2023,BROOKLYN,Night,TRUE,998,998,474,998,642
2023,BROOKLYN,Overnight,FALSE,1632,1632,601,1632,810
2023,BROOKLYN,Overnight,TRUE,1281,1281,453,1281,651
2023,MANHATTAN,Evening,FALSE,2012,2012,928,2012,1118
2023,MANHATTAN,Evening,TRUE,730,730,293,730,364
2023,MANHATTAN,Midday,FALSE,3085,3085,1118,3085,1288
2023,MANHATTAN,Midday,TRUE,815,815,312,815,392
2023,MANHATTAN,Morning,FALSE,1388,1388,478,1388,544
2023,MANHATTAN,Morning,TRUE,307,307,90,307,112
2023,MANHATTAN,Night,FALSE,1253,1253,561,1253,674
2023,MANHATTAN,Night,TRUE,628,628,249,628,313
2023,MANHATTAN,Overnight,FALSE,838,838,302,838,397
2023,MANHATTAN,Overnight,TRUE,766,766,285,766,410
2023,Not recorded,Evening,FALSE,5109,5109,2418,5109,3275
2023,Not recorded,Evening,TRUE,1625,1625,787,1625,1189
2023,Not recorded,Midday,FALSE,6643,6643,2870,6643,4018
2023,Not recorded,Midday,TRUE,2091,2091,937,2091,1372
2023,Not recorded,Morning,FALSE,4384,4384,1798,4384,2474
2023,Not recorded,Morning,TRUE,930,930,379,930,549
2023,Not recorded,Night,FALSE,3404,3404,1638,3404,2481
2023,Not recorded,Night,TRUE,1582,1582,688,1582,1113
2023,Not recorded,Overnight,FALSE,2779,2779,1103,2779,1632
2023,Not recorded,Overnight,TRUE,2331,2331,929,2331,1466
2023,QUEENS,Evening,FALSE,2997,2997,1476,2997,1897
2023,QUEENS,Evening,TRUE,1011,1011,445,1011,562
2023,QUEENS,Midday,FALSE,3658,3658,1576,3658,1944
2023,QUEENS,Midday,TRUE,1432,1432,578,1432,810
2023,QUEENS,Morning,FALSE,2335,2335,968,2335,1222
2023,QUEENS,Morning,TRUE,690,690,201,690,269
2023,QUEENS,Night,FALSE,1959,1959,858,1959,1243
2023,QUEENS,Night,TRUE,906,906,374,906,503
2023,QUEENS,Overnight,FALSE,1464,1464,420,1464,533
2023,QUEENS,Overnight,TRUE,1334,1334,403,1334,535
2023,STATEN ISLAND,Evening,FALSE,498,498,222,498,297
2023,STATEN ISLAND,Evening,TRUE,151,151,67,151,102
2023,STATEN ISLAND,Midday,FALSE,682,682,249,682,316
2023,STATEN ISLAND,Midday,TRUE,194,194,69,194,89
2023,STATEN ISLAND,Morning,FALSE,369,369,144,369,181
2023,STATEN ISLAND,Morning,TRUE,81,81,21,81,27
2023,STATEN ISLAND,Night,FALSE,260,260,106,260,153
2023,STATEN ISLAND,Night,TRUE,136,136,50,136,77
2023,STATEN ISLAND,Overnight,FALSE,203,203,57,203,79
2023,STATEN ISLAND,Overnight,TRUE,150,150,38,150,45
2024,BRONX,Evening,FALSE,1817,1817,902,1817,1225
2024,BRONX,Evening,TRUE,597,597,255,597,357
2024,BRONX,Midday,FALSE,2290,2290,1031,2290,1298
2024,BRONX,Midday,TRUE,723,723,310,723,428
2024,BRONX,Morning,FALSE,1371,1371,564,1371,732
2024,BRONX,Morning,TRUE,275,275,78,275,103
2024,BRONX,Night,FALSE,1072,1072,537,1072,798
2024,BRONX,Night,TRUE,489,489,239,489,357
2024,BRONX,Overnight,FALSE,848,848,300,848,425
2024,BRONX,Overnight,TRUE,551,551,201,551,303
2024,BROOKLYN,Evening,FALSE,4185,4185,2051,4185,2640
2024,BROOKLYN,Evening,TRUE,1300,1300,613,1300,868
2024,BROOKLYN,Midday,FALSE,5507,5507,2367,5507,2953
2024,BROOKLYN,Midday,TRUE,1660,1660,715,1660,979
2024,BROOKLYN,Morning,FALSE,3053,3053,1221,3053,1519
2024,BROOKLYN,Morning,TRUE,688,688,221,688,286
2024,BROOKLYN,Night,FALSE,2394,2394,1208,2394,1649
2024,BROOKLYN,Night,TRUE,1000,1000,462,1000,627
2024,BROOKLYN,Overnight,FALSE,1686,1686,641,1686,903
2024,BROOKLYN,Overnight,TRUE,1312,1312,495,1312,728
2024,MANHATTAN,Evening,FALSE,2116,2116,958,2116,1137
2024,MANHATTAN,Evening,TRUE,747,747,318,747,374
2024,MANHATTAN,Midday,FALSE,2963,2963,1211,2963,1382
2024,MANHATTAN,Midday,TRUE,810,810,330,810,378
2024,MANHATTAN,Morning,FALSE,1484,1484,537,1484,613
2024,MANHATTAN,Morning,TRUE,286,286,96,286,113
2024,MANHATTAN,Night,FALSE,1288,1288,586,1288,680
2024,MANHATTAN,Night,TRUE,572,572,224,572,288
2024,MANHATTAN,Overnight,FALSE,897,897,350,897,449
2024,MANHATTAN,Overnight,TRUE,740,740,265,740,364
2024,Not recorded,Evening,FALSE,4170,4170,2002,4170,2818
2024,Not recorded,Evening,TRUE,1345,1345,665,1345,992
2024,Not recorded,Midday,FALSE,5701,5701,2652,5701,3745
2024,Not recorded,Midday,TRUE,1773,1773,841,1773,1282
2024,Not recorded,Morning,FALSE,3678,3678,1661,3678,2361
2024,Not recorded,Morning,TRUE,855,855,382,855,544
2024,Not recorded,Night,FALSE,2837,2837,1410,2837,2100
2024,Not recorded,Night,TRUE,1343,1343,625,1343,977
2024,Not recorded,Overnight,FALSE,2462,2462,1078,2462,1659
2024,Not recorded,Overnight,TRUE,1921,1921,820,1921,1352
2024,QUEENS,Evening,FALSE,3063,3063,1548,3063,1950
2024,QUEENS,Evening,TRUE,1075,1075,509,1075,699
2024,QUEENS,Midday,FALSE,3872,3872,1727,3872,2172
2024,QUEENS,Midday,TRUE,1421,1421,597,1421,767
2024,QUEENS,Morning,FALSE,2287,2287,981,2287,1206
2024,QUEENS,Morning,TRUE,583,583,187,583,255
2024,QUEENS,Night,FALSE,1889,1889,847,1889,1168
2024,QUEENS,Night,TRUE,845,845,393,845,561
2024,QUEENS,Overnight,FALSE,1570,1570,490,1570,635
2024,QUEENS,Overnight,TRUE,1207,1207,354,1207,527
2024,STATEN ISLAND,Evening,FALSE,511,511,220,511,273
2024,STATEN ISLAND,Evening,TRUE,133,133,44,133,65
2024,STATEN ISLAND,Midday,FALSE,670,670,258,670,347
2024,STATEN ISLAND,Midday,TRUE,218,218,78,218,105
2024,STATEN ISLAND,Morning,FALSE,362,362,140,362,187
2024,STATEN ISLAND,Morning,TRUE,87,87,23,87,30
2024,STATEN ISLAND,Night,FALSE,296,296,113,296,151
2024,STATEN ISLAND,Night,TRUE,103,103,31,103,47
2024,STATEN ISLAND,Overnight,FALSE,174,174,45,174,58
2024,STATEN ISLAND,Overnight,TRUE,143,143,33,143,40
2025,BRONX,Evening,FALSE,1778,1778,866,1778,1145
2025,BRONX,Evening,TRUE,603,603,280,603,361
2025,BRONX,Midday,FALSE,2283,2283,1027,2283,1382
2025,BRONX,Midday,TRUE,756,756,322,756,421
2025,BRONX,Morning,FALSE,1451,1451,624,1451,782
2025,BRONX,Morning,TRUE,311,311,101,311,131
2025,BRONX,Night,FALSE,1055,1055,502,1055,729
2025,BRONX,Night,TRUE,542,542,235,542,310
2025,BRONX,Overnight,FALSE,864,864,318,864,452
2025,BRONX,Overnight,TRUE,598,598,220,598,313
2025,BROOKLYN,Evening,FALSE,4388,4388,2141,4388,2690
2025,BROOKLYN,Evening,TRUE,1359,1359,650,1359,884
2025,BROOKLYN,Midday,FALSE,5879,5879,2520,5879,3182
2025,BROOKLYN,Midday,TRUE,1750,1750,779,1750,980
2025,BROOKLYN,Morning,FALSE,3287,3287,1354,3287,1675
2025,BROOKLYN,Morning,TRUE,705,705,259,705,339
2025,BROOKLYN,Night,FALSE,2472,2472,1252,2472,1723
2025,BROOKLYN,Night,TRUE,1206,1206,559,1206,801
2025,BROOKLYN,Overnight,FALSE,1871,1871,733,1871,968
2025,BROOKLYN,Overnight,TRUE,1362,1362,506,1362,721
2025,MANHATTAN,Evening,FALSE,2358,2358,1047,2358,1230
2025,MANHATTAN,Evening,TRUE,779,779,330,779,384
2025,MANHATTAN,Midday,FALSE,3353,3353,1359,3353,1575
2025,MANHATTAN,Midday,TRUE,1002,1002,449,1002,518
2025,MANHATTAN,Morning,FALSE,1610,1610,624,1610,710
2025,MANHATTAN,Morning,TRUE,313,313,122,313,138
2025,MANHATTAN,Night,FALSE,1427,1427,623,1427,733
2025,MANHATTAN,Night,TRUE,663,663,269,663,322
2025,MANHATTAN,Overnight,FALSE,888,888,349,888,431
2025,MANHATTAN,Overnight,TRUE,831,831,315,831,419
2025,Not recorded,Evening,FALSE,2706,2706,1288,2706,1871
2025,Not recorded,Evening,TRUE,891,891,412,891,670
2025,Not recorded,Midday,FALSE,3594,3594,1655,3594,2446
2025,Not recorded,Midday,TRUE,1123,1123,551,1123,855
2025,Not recorded,Morning,FALSE,2384,2384,1116,2384,1580
2025,Not recorded,Morning,TRUE,485,485,229,485,361
2025,Not recorded,Night,FALSE,1917,1917,942,1917,1516
2025,Not recorded,Night,TRUE,851,851,422,851,695
2025,Not recorded,Overnight,FALSE,1801,1801,832,1801,1316
2025,Not recorded,Overnight,TRUE,1270,1270,552,1270,940
2025,QUEENS,Evening,FALSE,3072,3072,1500,3072,1863
2025,QUEENS,Evening,TRUE,1040,1040,502,1040,649
2025,QUEENS,Midday,FALSE,4038,4038,1742,4038,2139
2025,QUEENS,Midday,TRUE,1431,1431,566,1431,743
2025,QUEENS,Morning,FALSE,2491,2491,1036,2491,1319
2025,QUEENS,Morning,TRUE,533,533,167,533,207
2025,QUEENS,Night,FALSE,1789,1789,788,1789,1025
2025,QUEENS,Night,TRUE,844,844,301,844,396
2025,QUEENS,Overnight,FALSE,1501,1501,496,1501,640
2025,QUEENS,Overnight,TRUE,1195,1195,356,1195,508
2025,STATEN ISLAND,Evening,FALSE,520,520,233,520,308
2025,STATEN ISLAND,Evening,TRUE,159,159,67,159,93
2025,STATEN ISLAND,Midday,FALSE,715,715,254,715,343
2025,STATEN ISLAND,Midday,TRUE,220,220,78,220,111
2025,STATEN ISLAND,Morning,FALSE,397,397,154,397,222
2025,STATEN ISLAND,Morning,TRUE,81,81,18,81,23
2025,STATEN ISLAND,Night,FALSE,245,245,82,245,118
2025,STATEN ISLAND,Night,TRUE,131,131,44,131,60
2025,STATEN ISLAND,Overnight,FALSE,173,173,55,173,70
2025,STATEN ISLAND,Overnight,TRUE,135,135,42,135,57
